<?xml version="1.0" encoding="UTF-8"?>
<con:soapui-project name="helloworld" resourceRoot="" soapui-version="4.0.0" abortOnError="false" runType="SEQUENTIAL" xmlns:con="http://eviware.com/soapui/config"><con:settings/><con:interface xsi:type="con:WsdlInterface" wsaVersion="NONE" name="Greeter_SOAPBinding" type="wsdl" bindingName="{http://apache.org/hello_world_soap_http}Greeter_SOAPBinding" soapVersion="1_1" anonymous="optional" definition="file:/D:/Develop/DevTest/apache-sling/slingtest-cxf/direct/src/main/wsdl/helloworld.wsdl" xmlns:xsi="http://www.w3.org/2001/XMLSchema-instance"><con:settings/><con:definitionCache type="TEXT" rootPart="file:/D:/Develop/DevTest/apache-sling/slingtest-cxf/direct/src/main/wsdl/helloworld.wsdl"><con:part><con:url>file:/D:/Develop/DevTest/apache-sling/slingtest-cxf/direct/src/main/wsdl/helloworld.wsdl</con:url><con:content><![CDATA[<wsdl:definitions name="HelloWorld" targetNamespace="http://apache.org/hello_world_soap_http" xmlns="http://schemas.xmlsoap.org/wsdl/" xmlns:soap="http://schemas.xmlsoap.org/wsdl/soap/" xmlns:tns="http://apache.org/hello_world_soap_http" xmlns:x1="http://apache.org/hello_world_soap_http/types" xmlns:wsdl="http://schemas.xmlsoap.org/wsdl/" xmlns:xsd="http://www.w3.org/2001/XMLSchema">
  <wsdl:types>
    <schema targetNamespace="http://apache.org/hello_world_soap_http/types" elementFormDefault="qualified" xmlns="http://www.w3.org/2001/XMLSchema" xmlns:tns="http://apache.org/hello_world_soap_http/types">
      <simpleType name="MyStringType">
        <restriction base="string">
          <maxLength value="30"/>
        </restriction>
      </simpleType>
      <element name="sayHi">
        <complexType/>
      </element>
      <element name="sayHiResponse">
        <complexType>
          <sequence>
            <element name="responseType" type="string"/>
          </sequence>
        </complexType>
      </element>
      <element name="greetMe">
        <complexType>
          <sequence>
            <element name="requestType" type="tns:MyStringType"/>
          </sequence>
        </complexType>
      </element>
      <element name="greetMeResponse">
        <complexType>
          <sequence>
            <element name="responseType" type="string"/>
          </sequence>
        </complexType>
      </element>
      <element name="greetMeOneWay">
        <complexType>
          <sequence>
            <element name="requestType" type="string"/>
          </sequence>
        </complexType>
      </element>
      <element name="pingMe">
        <complexType/>
      </element>
      <element name="pingMeResponse">
        <complexType/>
      </element>
      <element name="faultDetail">
        <complexType>
          <sequence>
            <element name="minor" type="short"/>
            <element name="major" type="short"/>
          </sequence>
        </complexType>
      </element>
    </schema>
  </wsdl:types>
  <wsdl:message name="sayHiRequest">
    <wsdl:part name="in" element="x1:sayHi"/>
  </wsdl:message>
  <wsdl:message name="sayHiResponse">
    <wsdl:part name="out" element="x1:sayHiResponse"/>
  </wsdl:message>
  <wsdl:message name="greetMeRequest">
    <wsdl:part name="in" element="x1:greetMe"/>
  </wsdl:message>
  <wsdl:message name="greetMeResponse">
    <wsdl:part name="out" element="x1:greetMeResponse"/>
  </wsdl:message>
  <wsdl:message name="greetMeOneWayRequest">
    <wsdl:part name="in" element="x1:greetMeOneWay"/>
  </wsdl:message>
  <wsdl:message name="pingMeRequest">
    <wsdl:part name="in" element="x1:pingMe"/>
  </wsdl:message>
  <wsdl:message name="pingMeResponse">
    <wsdl:part name="out" element="x1:pingMeResponse"/>
  </wsdl:message>
  <wsdl:message name="pingMeFault">
    <wsdl:part name="faultDetail" element="x1:faultDetail"/>
  </wsdl:message>
  <wsdl:portType name="Greeter">
    <wsdl:operation name="sayHi">
      <wsdl:input name="sayHiRequest" message="tns:sayHiRequest"/>
      <wsdl:output name="sayHiResponse" message="tns:sayHiResponse"/>
    </wsdl:operation>
    <wsdl:operation name="greetMe">
      <wsdl:input name="greetMeRequest" message="tns:greetMeRequest"/>
      <wsdl:output name="greetMeResponse" message="tns:greetMeResponse"/>
    </wsdl:operation>
    <wsdl:operation name="greetMeOneWay">
      <wsdl:input name="greetMeOneWayRequest" message="tns:greetMeOneWayRequest"/>
    </wsdl:operation>
    <wsdl:operation name="pingMe">
      <wsdl:input name="pingMeRequest" message="tns:pingMeRequest"/>
      <wsdl:output name="pingMeResponse" message="tns:pingMeResponse"/>
      <wsdl:fault name="pingMeFault" message="tns:pingMeFault"/>
    </wsdl:operation>
  </wsdl:portType>
  <wsdl:binding name="Greeter_SOAPBinding" type="tns:Greeter">
    <soap:binding style="document" transport="http://schemas.xmlsoap.org/soap/http"/>
    <wsdl:operation name="sayHi">
      <soap:operation soapAction="" style="document"/>
      <wsdl:input name="sayHiRequest">
        <soap:body use="literal"/>
      </wsdl:input>
      <wsdl:output name="sayHiResponse">
        <soap:body use="literal"/>
      </wsdl:output>
    </wsdl:operation>
    <wsdl:operation name="greetMe">
      <soap:operation soapAction="" style="document"/>
      <wsdl:input name="greetMeRequest">
        <soap:body use="literal"/>
      </wsdl:input>
      <wsdl:output name="greetMeResponse">
        <soap:body use="literal"/>
      </wsdl:output>
    </wsdl:operation>
    <wsdl:operation name="greetMeOneWay">
      <soap:operation soapAction="" style="document"/>
      <wsdl:input name="greetMeOneWayRequest">
        <soap:body use="literal"/>
      </wsdl:input>
    </wsdl:operation>
    <wsdl:operation name="pingMe">
      <soap:operation soapAction="" style="document"/>
      <wsdl:input>
        <soap:body use="literal"/>
      </wsdl:input>
      <wsdl:output>
        <soap:body use="literal"/>
      </wsdl:output>
      <wsdl:fault name="pingMeFault">
        <soap:fault name="pingMeFault" use="literal"/>
      </wsdl:fault>
    </wsdl:operation>
  </wsdl:binding>
  <wsdl:service name="SOAPService">
    <wsdl:port name="SoapPort" binding="tns:Greeter_SOAPBinding">
      <soap:address location="http://localhost:9000/SoapContext/SoapPort"/>
    </wsdl:port>
  </wsdl:service>
</wsdl:definitions>]]></con:content><con:type>http://schemas.xmlsoap.org/wsdl/</con:type></con:part></con:definitionCache><con:endpoints><con:endpoint>http://localhost:8080/content/slingcxf/server.soap</con:endpoint></con:endpoints><con:operation isOneWay="false" action="" name="greetMe" bindingOperationName="greetMe" type="Request-Response" outputName="greetMeResponse" inputName="greetMeRequest" receivesAttachments="false" sendsAttachments="false" anonymous="optional"><con:settings/><con:call name="Request 1"><con:settings><con:setting id="com.eviware.soapui.impl.wsdl.WsdlRequest@request-headers">&lt;xml-fragment/></con:setting></con:settings><con:encoding>UTF-8</con:encoding><con:endpoint>http://localhost:8080/content/slingcxf/server.soap</con:endpoint><con:request><![CDATA[<soapenv:Envelope xmlns:soapenv="http://schemas.xmlsoap.org/soap/envelope/" xmlns:typ="http://apache.org/hello_world_soap_http/types">
   <soapenv:Header/>
   <soapenv:Body>
      <typ:greetMe>
         <typ:requestType>SoapUI</typ:requestType>
      </typ:greetMe>
   </soapenv:Body>
</soapenv:Envelope>]]></con:request><con:jmsConfig JMSDeliveryMode="PERSISTENT"/><con:jmsPropertyConfig/><con:wsaConfig mustUnderstand="NONE" version="200508" action="http://apache.org/hello_world_soap_http/Greeter/greetMeRequest"/><con:wsrmConfig version="1.2"/></con:call></con:operation><con:operation isOneWay="false" action="" name="greetMeOneWay" bindingOperationName="greetMeOneWay" type="One-Way" inputName="greetMeOneWayRequest" sendsAttachments="false" anonymous="optional"><con:settings/><con:call name="Request 1"><con:settings><con:setting id="com.eviware.soapui.impl.wsdl.WsdlRequest@request-headers">&lt;xml-fragment/></con:setting></con:settings><con:encoding>UTF-8</con:encoding><con:endpoint>http://localhost:8080/content/slingcxf/server.soap</con:endpoint><con:request><![CDATA[<soapenv:Envelope xmlns:soapenv="http://schemas.xmlsoap.org/soap/envelope/" xmlns:typ="http://apache.org/hello_world_soap_http/types">
   <soapenv:Header/>
   <soapenv:Body>
      <typ:greetMeOneWay>
         <typ:requestType>SoapUI</typ:requestType>
      </typ:greetMeOneWay>
   </soapenv:Body>
</soapenv:Envelope>]]></con:request><con:jmsConfig JMSDeliveryMode="PERSISTENT"/><con:jmsPropertyConfig/><con:wsaConfig mustUnderstand="NONE" version="200508" action="http://apache.org/hello_world_soap_http/Greeter/greetMeOneWayRequest"/><con:wsrmConfig version="1.2"/></con:call></con:operation><con:operation isOneWay="false" action="" name="pingMe" bindingOperationName="pingMe" type="Request-Response" inputName="" receivesAttachments="false" sendsAttachments="false" anonymous="optional"><con:settings/><con:call name="Request 1"><con:settings><con:setting id="com.eviware.soapui.impl.wsdl.WsdlRequest@request-headers">&lt;xml-fragment/></con:setting></con:settings><con:encoding>UTF-8</con:encoding><con:endpoint>http://localhost:8080/content/slingcxf/server.soap</con:endpoint><con:request><![CDATA[<soapenv:Envelope xmlns:soapenv="http://schemas.xmlsoap.org/soap/envelope/" xmlns:typ="http://apache.org/hello_world_soap_http/types">
   <soapenv:Header/>
   <soapenv:Body>
      <typ:pingMe/>
   </soapenv:Body>
</soapenv:Envelope>]]></con:request><con:jmsConfig JMSDeliveryMode="PERSISTENT"/><con:jmsPropertyConfig/><con:wsaConfig mustUnderstand="NONE" version="200508" action="http://apache.org/hello_world_soap_http/Greeter/pingMeRequest"/><con:wsrmConfig version="1.2"/></con:call></con:operation><con:operation isOneWay="false" action="" name="sayHi" bindingOperationName="sayHi" type="Request-Response" outputName="sayHiResponse" inputName="sayHiRequest" receivesAttachments="false" sendsAttachments="false" anonymous="optional"><con:settings/><con:call name="Request 1"><con:settings><con:setting id="com.eviware.soapui.impl.wsdl.WsdlRequest@request-headers">&lt;xml-fragment/></con:setting></con:settings><con:encoding>UTF-8</con:encoding><con:endpoint>http://localhost:8080/content/slingcxf/server.soap</con:endpoint><con:request><![CDATA[<soapenv:Envelope xmlns:soapenv="http://schemas.xmlsoap.org/soap/envelope/" xmlns:typ="http://apache.org/hello_world_soap_http/types">
   <soapenv:Header/>
   <soapenv:Body>
      <typ:sayHi/>
   </soapenv:Body>
</soapenv:Envelope>]]></con:request><con:jmsConfig JMSDeliveryMode="PERSISTENT"/><con:jmsPropertyConfig/><con:wsaConfig mustUnderstand="NONE" version="200508" action="http://apache.org/hello_world_soap_http/Greeter/sayHiRequest"/><con:wsrmConfig version="1.2"/></con:call></con:operation></con:interface><con:mockService port="8088" path="/mockGreeter_SOAPBinding" host="localhost" name="Greeter_SOAPBinding MockService" bindToHostOnly="false" docroot=""><con:settings><con:setting id="com.eviware.soapui.impl.wsdl.mock.WsdlMockService@require-soap-action">false</con:setting></con:settings><con:mockOperation name="greetMe" interface="Greeter_SOAPBinding" operation="greetMe"><con:settings/><con:dispatchStyle>SEQUENCE</con:dispatchStyle><con:defaultResponse>Response 1</con:defaultResponse><con:response name="Response 1" encoding="UTF-8"><con:settings/><con:script>// create XmlHolder for request content
def holder = new com.eviware.soapui.support.XmlHolder( mockRequest.requestContent )
 
// get arguments and sum
holder.namespaces["typ"] = "http://apache.org/hello_world_soap_http/types"
def greetName = holder["//typ:greetMe/typ:requestType"]
 
requestContext.greetName = greetName
</con:script><con:responseContent><![CDATA[<soapenv:Envelope xmlns:soapenv="http://schemas.xmlsoap.org/soap/envelope/" xmlns:typ="http://apache.org/hello_world_soap_http/types">
   <soapenv:Header/>
   <soapenv:Body>
      <typ:greetMeResponse>
         <typ:responseType>Hello ${greetName}!</typ:responseType>
      </typ:greetMeResponse>
   </soapenv:Body>
</soapenv:Envelope>]]></con:responseContent><con:wsaConfig mustUnderstand="NONE" version="200508" action="http://apache.org/hello_world_soap_http/Greeter/greetMeResponse"/></con:response><con:dispatchConfig/></con:mockOperation><con:mockOperation name="greetMeOneWay" interface="Greeter_SOAPBinding" operation="greetMeOneWay"><con:settings/><con:dispatchStyle>SEQUENCE</con:dispatchStyle><con:defaultResponse>Response 1</con:defaultResponse><con:response name="Response 1" encoding="UTF-8"><con:settings/><con:responseContent/><con:wsaConfig mustUnderstand="NONE" version="200508"/></con:response><con:dispatchConfig/></con:mockOperation><con:mockOperation name="pingMe" interface="Greeter_SOAPBinding" operation="pingMe"><con:settings/><con:dispatchStyle>SEQUENCE</con:dispatchStyle><con:defaultResponse>Response 1</con:defaultResponse><con:response name="Response 1" encoding="UTF-8"><con:settings/><con:responseContent><![CDATA[<soapenv:Envelope xmlns:soapenv="http://schemas.xmlsoap.org/soap/envelope/" xmlns:typ="http://apache.org/hello_world_soap_http/types">
   <soapenv:Header/>
   <soapenv:Body>
      <typ:pingMeResponse/>
   </soapenv:Body>
</soapenv:Envelope>]]></con:responseContent><con:wsaConfig mustUnderstand="NONE" version="200508" action="http://apache.org/hello_world_soap_http/Greeter/pingMeResponse"/></con:response><con:dispatchConfig/></con:mockOperation><con:mockOperation name="sayHi" interface="Greeter_SOAPBinding" operation="sayHi"><con:settings/><con:dispatchStyle>SEQUENCE</con:dispatchStyle><con:defaultResponse>Response 1</con:defaultResponse><con:response name="Response 1" encoding="UTF-8"><con:settings/><con:responseContent><![CDATA[<soapenv:Envelope xmlns:soapenv="http://schemas.xmlsoap.org/soap/envelope/" xmlns:typ="http://apache.org/hello_world_soap_http/types">
   <soapenv:Header/>
   <soapenv:Body>
      <typ:sayHiResponse>
         <typ:responseType>Hi!</typ:responseType>
      </typ:sayHiResponse>
   </soapenv:Body>
</soapenv:Envelope>]]></con:responseContent><con:wsaConfig mustUnderstand="NONE" version="200508" action="http://apache.org/hello_world_soap_http/Greeter/sayHiResponse"/></con:response><con:dispatchConfig/></con:mockOperation><con:properties/></con:mockService><con:properties/><con:wssContainer/><con:sensitiveInformation/></con:soapui-project>