<?xml version="1.0" encoding="UTF-8"?>
<webBlog xmlns:jcr="http://www.jcp.org/jcr/1.0" xmlns:nt="http://www.jcp.org/jcr/nt/1.0"
    jcr:primaryType="nt:unstructured"
    title="My Personal Web Blog">
    <blogs jcr:primaryType="nt:unstructured">
        <_x0032_012 jcr:primaryType="nt:unstructured">
            <_x0030_9 jcr:primaryType="nt:unstructured">
                <jackrabbitArticle
                    jcr:primaryType="nt:unstructured"
                    author="Igor Sechyn"
                    date="{Date}2012-09-26T00:00:00.000+02:00"
                    text="Here comes the text"
                    title="Jackrabbit Deep Dive">
                    <comments jcr:primaryType="nt:unstructured">
                        <comment_00
                            jcr:primaryType="nt:unstructured"
                            author="expert"
                            date="{Date}2012-09-29T00:00:00.000+02:00"
                            text="Here comes the comment">
                            <comment_00_00
                                jcr:primaryType="nt:unstructured"
                                author="expert"
                                date="{Date}2012-09-29T00:00:00.000+02:00"
                                text="Here comes the comment"/>
                            <comment_00_01
                                jcr:primaryType="nt:unstructured"
                                author="expert"
                                date="{Date}2012-09-29T00:00:00.000+02:00"
                                text="Here comes the comment">
                                <comment_00_01_00
                                    jcr:primaryType="nt:unstructured"
                                    author="expert"
                                    date="{Date}2012-09-29T00:00:00.000+02:00"
                                    text="Here comes the comment"/>
                                <comment_00_01_01
                                    jcr:primaryType="nt:unstructured"
                                    author="expert"
                                    date="{Date}2012-09-29T00:00:00.000+02:00"
                                    text="Here comes the comment"/>
                                <comment_00_01_02
                                    jcr:primaryType="nt:unstructured"
                                    author="expert"
                                    date="{Date}2012-09-29T00:00:00.000+02:00"
                                    text="Here comes the comment"/>
                            </comment_00_01>
                            <comment_00_02
                                jcr:primaryType="nt:unstructured"
                                author="expert"
                                date="{Date}2012-09-29T00:00:00.000+02:00"
                                text="Here comes the comment"/>
                        </comment_00>
                        <comment_01
                            jcr:primaryType="nt:unstructured"
                            author="expert"
                            date="{Date}2012-09-29T00:00:00.000+02:00"
                            text="Here comes the comment"/>
                        <comment_02
                            jcr:primaryType="nt:unstructured"
                            author="expert"
                            date="{Date}2012-09-29T00:00:00.000+02:00"
                            text="Here comes the comment"/>
                    </comments>
                </jackrabbitArticle>
                <slingArticle
                    jcr:primaryType="nt:unstructured"
                    author="jens MÃ¼ller"
                    date="{Date}2012-09-27T00:00:00.000+02:00"
                    text="Here comes the text"
                    title="Sling Basics">
                    <comments jcr:primaryType="nt:unstructured">
                        <comment_00
                            jcr:primaryType="nt:unstructured"
                            author="expert"
                            date="{Date}2012-09-29T00:00:00.000+02:00"
                            text="Here comes the comment">
                            <comment_00_00
                                jcr:primaryType="nt:unstructured"
                                author="expert"
                                date="{Date}2012-09-29T00:00:00.000+02:00"
                                text="Here comes the comment"/>
                            <comment_00_01
                                jcr:primaryType="nt:unstructured"
                                author="expert"
                                date="{Date}2012-09-29T00:00:00.000+02:00"
                                text="Here comes the comment"/>
                            <comment_00_02
                                jcr:primaryType="nt:unstructured"
                                author="expert"
                                date="{Date}2012-09-29T00:00:00.000+02:00"
                                text="Here comes the comment"/>
                        </comment_00>
                        <comment_01
                            jcr:primaryType="nt:unstructured"
                            author="expert"
                            date="{Date}2012-09-29T00:00:00.000+02:00"
                            text="Here comes the comment"/>
                        <comment_02
                            jcr:primaryType="nt:unstructured"
                            author="expert"
                            date="{Date}2012-09-29T00:00:00.000+02:00"
                            text="Here comes the comment"/>
                    </comments>
                </slingArticle>
            </_x0030_9>
        </_x0032_012>
        <_x0032_011 jcr:primaryType="nt:unstructured">
            <_x0030_1 jcr:primaryType="nt:unstructured">
                <osgiArticle
                    jcr:primaryType="nt:unstructured"
                    author="Igor Sechyn"
                    date="{Date}2011-01-17T00:00:00.000+01:00"
                    text="Here comes the text"
                    title="OSGI">
                    <comments jcr:primaryType="nt:unstructured">
                        <comment_00
                            jcr:primaryType="nt:unstructured"
                            author="expert"
                            date="{Date}2012-09-29T00:00:00.000+02:00"
                            text="Here comes the comment">
                            <comment_00_00
                                jcr:primaryType="nt:unstructured"
                                author="expert"
                                date="{Date}2012-09-29T00:00:00.000+02:00"
                                text="Here comes the comment"/>
                            <comment_00_01
                                jcr:primaryType="nt:unstructured"
                                author="expert"
                                date="{Date}2012-09-29T00:00:00.000+02:00"
                                text="Here comes the comment"/>
                            <comment_00_02
                                jcr:primaryType="nt:unstructured"
                                author="expert"
                                date="{Date}2012-09-29T00:00:00.000+02:00"
                                text="Here comes the comment"/>
                        </comment_00>
                        <comment_01
                            jcr:primaryType="nt:unstructured"
                            author="expert"
                            date="{Date}2012-09-29T00:00:00.000+02:00"
                            text="Here comes the comment"/>
                        <comment_02
                            jcr:primaryType="nt:unstructured"
                            author="expert"
                            date="{Date}2012-09-29T00:00:00.000+02:00"
                            text="Here comes the comment"/>
                    </comments>
                </osgiArticle>
            </_x0030_1>
            <_x0030_2 jcr:primaryType="nt:unstructured">
                <felixArticle
                    jcr:primaryType="nt:unstructured"
                    author="Igor Sechyn"
                    date="{Date}2011-02-16T00:00:00.000+01:00"
                    text="Here comes the text"
                    title="Felix"/>
            </_x0030_2>
        </_x0032_011>
    </blogs>
</webBlog>
