{
  "jcr:primaryType": "cq:Component",
  "sling:resourceSuperType": "/libs/foundation/components/page",
  
  "dialog": {
   "xtype": "dialog",
    "width": "600",
    "height": "520",
    "stateful": "false",
    "jcr:primaryType": "cq:Dialog",
    "items": {
      "xtype": "tabpanel",
      "jcr:primaryType": "cq:Widget",
      "items": {
        "jcr:primaryType": "cq:WidgetCollection",

        "props": {
          "title": "Global",
          "jcr:primaryType": "cq:Panel",
          "items": {
            "jcr:primaryType": "cq:WidgetCollection",

            "titletext": {
              "jcr:primaryType": "cq:Widget",
              "xtype": "textfield",
              "name": "./jcr:title",
              "fieldLabel": "Title Text",
              "fieldDescription": "Internal title"
            }

          }
        }

      }
    }
  }
  
}
