{
  "jcr:primaryType" : "nt:unstructured",
  "jcr:title" : "Beers",
  "types" : {
    "jcr:title" : "Types",
    "ale" : { 
      "jcr:title" : "Ale Beer",
      "sling:resourceType" : "adaptto/sling/basics/beverage/types",
      "porter" : {
        "sling:resourceType" : "adaptto/sling/basics/beverage/beer",
        "jcr:title" : "Porter",
        "qty" : 32,
        "price" : 1.29,
        "alcohol" : 5.5
      },
      "scottish": {
        "sling:resourceType" : "adaptto/sling/basics/beverage/beer",
        "jcr:title" : "Scottish Ale",
        "qty" : 12,
        "price" : 1.39,
        "alcohol" : 6.5
      },
      "belgian": {
        "sling:resourceType" : "adaptto/sling/basics/beverage/beer",
        "jcr:title" : "Belgian Strong Dark Ale",
        "qty" : 24,
        "price" : 1.49,
        "alcohol" : 8.5
      }
    },
    "lager" : {
      "jcr:title" : "Lager Beer",
      "sling:resourceType" : "adaptto/sling/basics/beverage/types",
      "pilsner" : {
        "sling:resourceType" : "adaptto/sling/basics/beverage/beer",
        "jcr:title" : "Pilsner",
        "qty" : 240,
        "price" : 0.99,
        "alcohol" : 5.0
      },
      "helles": {
        "sling:resourceType" : "adaptto/sling/basics/beverage/beer",
        "jcr:title" : "Helles",
        "qty" : 150,
        "price" : 1.09,
        "alcohol" : 5.2
      },
      "dunkles": {
        "sling:resourceType" : "adaptto/sling/basics/beverage/beer",
        "jcr:title" : "Dunkles",
        "qty" : 50,
        "price" : 1.19,
        "alcohol" : 5.4
      }
    },
    "speciality" : { 
      "jcr:title" : "Speciality Beer",
      "sling:resourceType" : "adaptto/sling/basics/beverage/types",
      "fruit" : {
        "sling:resourceType" : "adaptto/sling/basics/beverage/beer",
        "jcr:title" : "Fruit Beer",
        "qty" : 20,
        "price" : 1.15,
        "alcohol" : 4.2
      },
      "spice": {
        "sling:resourceType" : "adaptto/sling/basics/beverage/beer",
        "jcr:title" : "Spice Beer",
        "qty" : 5,
        "price" : 1.19,
        "alcohol" : 4.6
      }
    }
  }
}