{
  "jcr:primaryType": "cq:Component",

  "cq:editConfig": {
    "jcr:primaryType": "cq:EditConfig",
    "cq:layout": "editbar"
  },

  "dialog": {
    "jcr:primaryType": "cq:Dialog",
    "xtype": "dialog",

    "items": {
      "jcr:primaryType": "cq:Widget",
      "xtype": "panel",

      "items": {
        "jcr:primaryType": "cq:WidgetCollection",

        "resourcePath": {
          "jcr:primaryType": "cq:Widget",
          "xtype": "textfield",
          "name": "./resourcePath",
          "fieldLabel": "RDBMS resource path"
        }

      }
    }
  }
}
