{
  "jcr:primaryType": "cq:Component",
  "sling:resourceSuperType": "/libs/foundation/components/parbase",
  "jcr:title": "Product",
  "componentGroup": "RDBMS",

  "cq:editConfig": {
    "cq:dialogMode": "floating"
  },

  "dialog": {
    "xtype": "dialog",
    "jcr:primaryType": "cq:Dialog",
    "width": 650,
    "height": 470,
 
    "items": {
      "xtype": "tabpanel",
      "jcr:primaryType": "cq:Widget",
      "items": {
        "jcr:primaryType": "cq:WidgetCollection",
 
        "props": {
          "title": "Properties",
          "jcr:primaryType": "cq:Panel",
          "items": {
            "jcr:primaryType": "cq:WidgetCollection",
             
            "productCode": {
              "jcr:primaryType": "cq:Widget",
              "xtype": "textfield",
              "name": "./productCode",
              "fieldLabel": "Label",
              "fieldDescription": "Product code"
            },
             
            "productName": {
              "jcr:primaryType": "cq:Widget",
              "xtype": "textfield",
              "name": "./productName",
              "fieldLabel": "Label",
              "fieldDescription": "Product name"
            },
             
            "productDescription": {
              "jcr:primaryType": "cq:Widget",
              "xtype": "textarea",
              "name": "./productDescription",
              "fieldLabel": "Label",
              "fieldDescription": "Product description"
            },
             
            "buyPrice": {
              "jcr:primaryType": "cq:Widget",
              "xtype": "textfield",
              "name": "./buyPrice",
              "fieldLabel": "Label",
              "fieldDescription": "Buy price"
            }
             
          }
        }
 
      }
    }
  }

}
